{
  "type": "update",
  "requestId": "e47f8835-b36b-4643-9d3c-bb52b753ffbf",
  "widgetId": "8123f304-f23f-440b-a6d3-80e979fa4cd6",
  "owner": "Mary Matthews",
  "description": "GEDOQ",
  "otherAttributes": [
    { "name": "color", "value": "pink" },
    { "name": "size-unit", "value": "cm" },
    { "name": "height-unit", "value": "cm" },
    { "name": "width-unit", "value": "cm" },
    { "name": "length", "value": "540" },
    { "name": "rating", "value": "3.8907907" },
    { "name": "price", "value": "42.27" },
    { "name": "quantity", "value": "72" },
    { "name": "vendor", "value": "RTPRZNV" }
  ]
}
